Diode, D6inv1, 18P, Voltage level (V) = 600.000000, Cathode polarity towards (cell) = 17P, 
Switch, S3inv1, 6J, Voltage level (V) = 600.000000, Negative polarity towards (cell) = 7J, Name of control signal = s3gateinv1, 
Switch, S2inv1, 17F, Voltage level (V) = 600.000000, Negative polarity towards (cell) = 18F, Name of control signal = s2gateinv1, 
Diode, D2inv1, 18H, Voltage level (V) = 600.000000, Cathode polarity towards (cell) = 17H, 
Diode, D1inv1, 6H, Voltage level (V) = 600.000000, Cathode polarity towards (cell) = 5H, 
Switch, S6inv1, 17N, Voltage level (V) = 600.000000, Negative polarity towards (cell) = 18N, Name of control signal = s6gateinv1, 
Switch, S1inv1, 6F, Voltage level (V) = 600.000000, Negative polarity towards (cell) = 7F, Name of control signal = s1gateinv1, 
Diode, D5inv1, 6P, Voltage level (V) = 600.000000, Cathode polarity towards (cell) = 5P, 
Diode, D4inv1, 18L, Voltage level (V) = 600.000000, Cathode polarity towards (cell) = 17L, 
VoltageSource, Cdcinv1, 9C, Peak (Volts) = 0.000000, Frequency (Hertz) = 0.000000, Phase (degrees) = 0.000000, Dc offset = 450.000000, Positive polarity towards (cell) = 8C, 
Resistor, Cdcinv1, 5C, 0.1, 
Switch, S5inv1, 6N, Voltage level (V) = 600.000000, Negative polarity towards (cell) = 7N, Name of control signal = s5gateinv1, 
Voltmeter, Vdcinv1, 11A, Rated voltage level to be measured = 600.0, Positive polarity towards (cell) = 10A, 
Switch, S4inv1, 17J, Voltage level (V) = 600.000000, Negative polarity towards (cell) = 18J, Name of control signal = s4gateinv1, 
Diode, D3inv1, 6L, Voltage level (V) = 600.000000, Cathode polarity towards (cell) = 5L, 
